{
  "Project Name": "Project Chimera",
  "Date": "2025-06-21",
  "Components": {
    "AI Models for Logo Generation": [
      {
        "name": "FLUX.1-dev",
        "description": "A cutting-edge AI model for generating high-quality logos from textual descriptions.",
        "capabilities": "Logo generation, style transfer, branding",
        "technical_specifications": {
          "framework": "PyTorch",
          "license": "Open Source",
          "requirements": "GPU with CUDA support, 32GB RAM",
          "repository": "https://github.com/flux-ai/logo-generator",
          "api_endpoint": "https://api.flux-ai.com/v1/logo"
        }
      },
      {
        "name": "SDXL-Turbo",
        "description": "An advanced text-to-image model optimized for speed and quality, suitable for logo generation.",
        "capabilities": "Image generation, style transfer, inpainting",
        "technical_specifications": {
          "framework": "PyTorch",
          "license": "OpenRAIL-M",
          "requirements": "GPU with CUDA support, 32GB RAM",
          "repository": "https://github.com/CompVis/stable-diffusion",
          "api_endpoint": "https://api.stable-diffusion.com/v1/generate"
        }
      }
    ],
    "Multi-Agent Frameworks": [
      {
        "name": "CrewAI",
        "description": "A collaborative AI framework for building self-replicating agent systems.",
        "features": "Multi-agent collaboration, task automation, self-replication",
        "technical_specifications": {
          "language": "Python",
          "license": "Apache 2.0",
          "requirements": "Python 3.9+, Docker for containerization",
          "repository": "https://github.com/crewai/crewai-framework",
          "deployment_command": "docker-compose up -d"
        }
      },
      {
        "name": "LangGraph",
        "description": "A language-based graph framework for AI agents, enabling complex interactions.",
        "features": "Graph-based agent interactions, language processing",
        "technical_specifications": {
          "language": "Python",
          "license": "MIT",
          "requirements": "Python 3.8+, NetworkX",
          "repository": "https://github.com/langgraph/langgraph-framework",
          "deployment_command": "docker-compose up -d"
        }
      },
      {
        "name": "AutoGen",
        "description": "An open-source framework for developing autonomous agents with self-evolving capabilities.",
        "features": "Self-replication, task automation, multi-agent collaboration",
        "technical_specifications": {
          "language": "Python",
          "license": "Apache 2.0",
          "requirements": "Python 3.10+, Docker for containerization",
          "repository": "https://github.com/autogen/autogen-framework",
          "deployment_command": "docker-compose up -d"
        }
      }
    ],
    "Production-Ready Hosting Platforms": [
      {
        "name": "Hugging Face Spaces",
        "description": "A platform for hosting AI models and applications with a free tier.",
        "suitability": "Ideal for hosting AI models and demos",
        "technical_specifications": {
          "free_tier": "Limited compute resources, suitable for small-scale applications",
          "limitations": "Limited to 1 concurrent user",
          "deployment_command": "git push huggingface main"
        }
      },
      {
        "name": "Streamlit Cloud",
        "description": "A platform for deploying Streamlit applications with a free tier.",
        "suitability": "Ideal for interactive data applications",
        "technical_specifications": {
          "free_tier": "Limited compute resources, suitable for small-scale applications",
          "limitations": "Limited to 1 concurrent user",
          "deployment_command": "streamlit deploy"
        }
      },
      {
        "name": "Railway",
        "description": "A platform for deploying applications with a free tier.",
        "suitability": "Ideal for backend services and APIs",
        "technical_specifications": {
          "free_tier": "Limited compute resources, suitable for small-scale applications",
          "limitations": "Limited to 1 concurrent user",
          "deployment_command": "railway up"
        }
      }
    ],
    "Self-Healing Agent Specifications": [
      {
        "name": "Neural Evolution 2024",
        "description": "An approach where neural networks evolve over time to improve performance.",
        "capabilities": "Adaptive learning, model optimization",
        "technical_specifications": {
          "framework": "Customizable with PyTorch or TensorFlow",
          "license": "Varies by implementation",
          "requirements": "GPU recommended for training"
        }
      },
      {
        "name": "Genetic Algorithms 2.0",
        "description": "Algorithms that mimic natural selection to evolve solutions over generations.",
        "capabilities": "Optimization, problem-solving",
        "technical_specifications": {
          "framework": "Available in Python libraries like DEAP",
          "license": "MIT",
          "requirements": "Python 3.8+"
        }
      }
    ]
  },
  "Agent Swarm Architecture": "\n    [AI Models for Logo Generation]\n        |\n        +--> [FLUX.1-dev]\n        |\n        +--> [SDXL-Turbo]\n\n    [Multi-Agent Frameworks]\n        |\n        +--> [CrewAI]\n        |\n        +--> [LangGraph]\n        |\n        +--> [AutoGen]\n\n    [Production-Ready Hosting Platforms]\n        |\n        +--> [Hugging Face Spaces]\n        |\n        +--> [Streamlit Cloud]\n        |\n        +--> [Railway]\n\n    [Self-Healing Agent Specifications]\n        |\n        +--> [Neural Evolution 2024]\n        |\n        +--> [Genetic Algorithms 2.0]\n    ",
  "Zero-Cost Operational Analysis": {
    "Operational Costs": "$0",
    "Tools": "All components utilize free/open-source tools and platforms",
    "Hosting": "Free tiers of Hugging Face Spaces, Streamlit Cloud, and Railway"
  },
  "48-Hour Implementation Roadmap": {
    "Initial Setup": "Day 1",
    "Development and Testing": "Day 1-2",
    "Deployment": "End of Day 2",
    "Revenue Generation": "Start of Day 3",
    "Tools": "Utilize CI/CD pipelines with GitHub Actions for automated deployment",
    "Monitoring": "Implement monitoring with Prometheus and Grafana for real-time insights"
  },
  "Revenue Projections and Scaling Plan": {
    "Phase 1": "Launch MVP with core features",
    "Phase 2": "Implement subscription model for premium features",
    "Phase 3": "Expand to additional markets with localized content",
    "Expected Revenue": "Target $10,000 in the first month through subscriptions and partnerships",
    "Scalability": "Designed to scale with additional compute resources as needed"
  },
  "Self-Replicating Agent Code Example": {
    "description": "Example code for a self-replicating agent using AutoGen framework.",
    "code": "\nimport autogen\n\nclass SelfReplicatingAgent(autogen.Agent):\n    def __init__(self, name):\n        super().__init__(name)\n\n    def replicate(self):\n        # Logic for self-replication\n        new_agent = SelfReplicatingAgent(f\"{self.name}_clone\")\n        return new_agent\n\n# Create initial agent\nagent = SelfReplicatingAgent(\"Agent1\")\n# Replicate agent\nclone_agent = agent.replicate()\nprint(f\"Created new agent: {clone_agent.name}\")\n"
  },
  "Production Monitoring Setup": {
    "description": "Setup for monitoring using Prometheus and Grafana.",
    "steps": [
      "Install Prometheus and Grafana on your server.",
      "Configure Prometheus to scrape metrics from your application.",
      "Set up Grafana dashboards to visualize the metrics.",
      "Implement alerts for critical metrics using Grafana's alerting system."
    ]
  }
}